tokenId,domain,metadata.name,metadata.description,metadata.image,metadata.image2,metadata.stakingRequests,metadata.attributes.1.Address,metadata.attributes.2.Balcony,metadata.attributes.3.Building Type,metadata.attributes.4.Celling Material,metadata.attributes.5.City,metadata.attributes.6.District,metadata.attributes.7.Floor,metadata.attributes.8.Floor Material,metadata.attributes.9.Floor Plan,metadata.attributes.10.Industry,metadata.attributes.11.Loft Floor Material,metadata.attributes.12.Neighborhood,metadata.attributes.13.Railing Material,metadata.attributes.14.Stair Material,metadata.attributes.15.Unit Number,metadata.attributes.16.Wall Material
0xf678b63832ad1b89c94881fe9a5e9575d62c832f759b9eb15f3d987546bb28a7,wilder.cribs.wiami.southbeach.qube.1-1,Unit 1,Wilder.Cribs is our Genesis Real Estate release in Wilder World. Consisting of 108 unique procedurally generated NFT luxury condos spread across 39 floors reaching up into the Wiami heavens.,ipfs://QmeRcz91fbqeCUCQuicNdGJpXHVSHeEXTQASP14SD5TDmN,ipfs://QmPjcXR3GZ1Wu6wHQA1FHZxEdBPLjqRiwrGJxsH6zAkxpJ,disabled,1 Wilder Way,No,Condo,White Stucco,Wiami,South Beach,1,Herringbone Chetsnut Wood,A,Wilder.Cribs,English Bond Parquet,Little Meow,Wood,Black Softwood,1,Shuttered Concrete
0xd07448bbdde1029538607d918f74d525f5d970f5c41ee053a82f468f163a68a5,wilder.cribs.wiami.southbeach.qube.1-2,Unit 2,Wilder.Cribs is our Genesis Real Estate release in Wilder World. Consisting of 108 unique procedurally generated NFT luxury condos spread across 39 floors reaching up into the Wiami heavens.,ipfs://Qmehwm2MrsuQ9PXFLhUaQVpx4Qa1HKHRnj6R371tLCVQKx,https://wilder-cribs.s3.eu-central-1.amazonaws.com/FloorPlans/002.png,disabled,1 Wilder Way,No,Condo,White Stucco,Wiami,South Beach,1,Bond Cedar Parquet,B,Wilder.Cribs,Strip Oak Parquet,Little Meow,Wood,White Wooden,2,Smooth Concrete
0xd6223cd5025f795aff85c9828d3184896d8b8e27f424db216ff4f5a0aed44be9,wilder.cribs.wiami.southbeach.qube.1-3,Unit 3,Wilder.Cribs is our Genesis Real Estate release in Wilder World. Consisting of 108 unique procedurally generated NFT luxury condos spread across 39 floors reaching up into the Wiami heavens.,ipfs://Qmbe2wSbK3WusvB2uaPb16r1ETQJjeJMqC5KNKieTrvDmf,ipfs://QmZj3jUb5S7uK6asKyttkWdDT7quzyhdpar7HvvcbnUjj9,disabled,1 Wilder Way,Yes,Condo,Softwood,Wiami,South Beach,1,Chevrone Parquet,C,Wilder.Cribs,Stack Parquet,Little Meow,Wood,Black Steel,3,Concrete
0x90db383233053df327a48de8f9accafafad53cb01e4fc0cc268195670dbce4c0,wilder.cribs.wiami.southbeach.qube.10-28,Unit 28,Wilder.Cribs is our Genesis Real Estate release in Wilder World. Consisting of 108 unique procedurally generated NFT luxury condos spread across 39 floors reaching up into the Wiami heavens.,ipfs://QmYwfthhmwH8KzeDwdrDnMwARWmQcU8s7tzwcYMpA2LwwS,ipfs://QmVdA9oy8Z1XeSBEhimunyAHC5YcRE3g8hmTNQyF7qKVwh,disabled,1 Wilder Way,No,Condo,Painted Wooden Planks,Wiami,South Beach,10,Herringbone Chetsnut Wood,A,Wilder.Cribs,Stack Parquet,Little Meow,Polished Stainless Steel,Oak Wooden,28,Narrow wooden Planks
0xd405378152f656f1b11fee3d7fc380b24178d58bbf5a55c9cf2762317e6dd9c4,wilder.cribs.wiami.southbeach.qube.10-29,Unit 29,Wilder.Cribs is our Genesis Real Estate release in Wilder World. Consisting of 108 unique procedurally generated NFT luxury condos spread across 39 floors reaching up into the Wiami heavens.,ipfs://QmZ8xJtZUkvBenbp26ueta885PftKGbsnYjLM4TSTpvd4o,ipfs://QmaGkDgbHXk1rGaDesar4YvSUYm5D54rg9uDabXgh5A9xP,disabled,1 Wilder Way,No,Condo,Softwood,Wiami,South Beach,10,Chevrone Parquet,B,Wilder.Cribs,Parquet Wood,Little Meow,Powder Coated Steel,Black Softwood,29,Smooth Concrete
0x661daa543dfed964de0693525af1dd9c50d93a74dce539922df6d10c8d4561be,wilder.cribs.wiami.southbeach.qube.10-30,Unit 30,Wilder.Cribs is our Genesis Real Estate release in Wilder World. Consisting of 108 unique procedurally generated NFT luxury condos spread across 39 floors reaching up into the Wiami heavens.,ipfs://QmaAVnamP6xKaTkGwHnxh1oN5iwYpr8bxSs4GWNUqNpcUm,ipfs://QmehtH5F1UwiMTRdJWPuumLiHcHQhSgTg5N98Nhf1A6rnx,disabled,1 Wilder Way,Yes,Condo,Softwood,Wiami,South Beach,10,Bond Ash Parquet,C,Wilder.Cribs,Stack Parquet,Little Meow,Powder Coated Steel,White Wooden,30,Painted Concrete
0x5ab0a1a5b9ddfa1e93474155190836709dfa02b6abbf12911d10d8bcc641eb7c,wilder.cribs.wiami.southbeach.qube.11-31,Unit 31,Wilder.Cribs is our Genesis Real Estate release in Wilder World. Consisting of 108 unique procedurally generated NFT luxury condos spread across 39 floors reaching up into the Wiami heavens.,ipfs://QmSXfpVH4oyHGR8VrqgBWSwhhuAoMyEE5TENZfR14pjHUE,ipfs://QmV5V3DBnEPrynCLjrQQsAQLipUUtAeTMPaRgbyqA42xTj,disabled,1 Wilder Way,No,Condo,Wood Wool,Wiami,South Beach,11,Bond Cedar Parquet,A,Wilder.Cribs,English Bond Parquet,Little Meow,Wood,White Wooden,31,Grey Slated Stone
0xf8196f7a9b00416d43eb2b7df1ddb4929861a02ecd98956be750311aec934a73,wilder.cribs.wiami.southbeach.qube.11-32,Unit 32,Wilder.Cribs is our Genesis Real Estate release in Wilder World. Consisting of 108 unique procedurally generated NFT luxury condos spread across 39 floors reaching up into the Wiami heavens.,ipfs://QmRhsv3gBrjR7p4hBPvdLnGf7a4JeHq949BNmFC3YtBgjE,ipfs://QmU7YNWJRsSHzTQmoMAiBP3zUj585Uwy5DJTJKsADQWRHA,disabled,1 Wilder Way,No,Condo,Softwood,Wiami,South Beach,11,Grey Marble,B,Wilder.Cribs,Stack Parquet,Little Meow,Polished Stainless Steel,Wenge Softwood,32,Painted Concrete
0x802ec0208e89e76395a120b66ef58a39fd8c4fa9403da6afd2ae87722898a8d3,wilder.cribs.wiami.southbeach.qube.11-33,Unit 33,Wilder.Cribs is our Genesis Real Estate release in Wilder World. Consisting of 108 unique procedurally generated NFT luxury condos spread across 39 floors reaching up into the Wiami heavens.,ipfs://QmXbjMWo5SijhY3mkV3peP67HzRzZBihA49EuV65rGDhES,ipfs://QmWVp4BNuMP7J48w4euY7omuo4z9mX1RCYMzFfSgYSeoqM,disabled,1 Wilder Way,Yes,Condo,Cedar Wooden,Wiami,South Beach,11,Herringbone Chetsnut Wood,C,Wilder.Cribs,English Bond Parquet,Little Meow,Wood,Black Steel,33,Smooth Concrete
0x85636734bfff7837e4890940e25830054a356ec57c1c17d2e0d3da0f32ee608c,wilder.cribs.wiami.southbeach.qube.12-34,Unit 34,Wilder.Cribs is our Genesis Real Estate release in Wilder World. Consisting of 108 unique procedurally generated NFT luxury condos spread across 39 floors reaching up into the Wiami heavens.,ipfs://QmdGU8pg13batsUU25cYCo7tenhVfBsCRMABoyiPRnHkFT,ipfs://QmaUbn6kczr5AvvZ6wBACYyFW7HVxs4zJFsK1cneXVjK1e,disabled,1 Wilder Way,No,Condo,Softwood,Wiami,South Beach,12,Bond Cedar Parquet,A,Wilder.Cribs,Parquet Wood,Little Meow,Polished Stainless Steel,Wenge Softwood,34,Painted Concrete
0x9e048ae2edf999f2dba0807f6c211f1179371ef9ea8023da357c9a2c35582c87,wilder.cribs.wiami.southbeach.qube.12-35,Unit 35,Wilder.Cribs is our Genesis Real Estate release in Wilder World. Consisting of 108 unique procedurally generated NFT luxury condos spread across 39 floors reaching up into the Wiami heavens.,ipfs://QmekEjDtxo8H44qCKAyLVapTZdGj6gDfYg7A38wadUko3q,ipfs://Qmby1gHY5njgKJz4iJ7jibyNfBA3BwCSZdTWs7ZSXKGt5r,disabled,1 Wilder Way,No,Condo,Softwood,Wiami,South Beach,12,Chevrone Parquet,B,Wilder.Cribs,Stack Parquet,Little Meow,Wood,White Wooden,35,Grey Stucco
0xfced2dd52763519195f92dfbad723ca6cff90611d1cddcc1eb2e2aec57f039b1,wilder.cribs.wiami.southbeach.qube.12-36,Unit 36,Wilder.Cribs is our Genesis Real Estate release in Wilder World. Consisting of 108 unique procedurally generated NFT luxury condos spread across 39 floors reaching up into the Wiami heavens.,ipfs://QmTSvgVgATF7wbEsuzgdP9bzCkZMqfvC9YfhNFmeaiyzo3,ipfs://QmPVkEEb7CHMEXiXELd5JgNLtLBWRV9d512j3bB5yKAzx4,disabled,1 Wilder Way,Yes,Condo,Oak Veneer,Wiami,South Beach,12,Floated Concrete,C,Wilder.Cribs,Stack Parquet,Little Meow,Wood,Wenge Softwood,36,Cast Concrete
0xe5b3c4e2e1052ca68f4ac5db442f91a390e015948d9d22acf56c0d041688d236,wilder.cribs.wiami.southbeach.qube.13-37,Unit 37,Wilder.Cribs is our Genesis Real Estate release in Wilder World. Consisting of 108 unique procedurally generated NFT luxury condos spread across 39 floors reaching up into the Wiami heavens.,ipfs://QmSgKma66L6CJnG2gGqDKiLkD1MmvNnmJkfmQXA2wNRrUE,ipfs://QmSkjZrHgSZ5EKCXL2NwWo4cpAUgHCqunjVvfP3X5NMwZ8,disabled,1 Wilder Way,No,Condo,Softwood,Wiami,South Beach,13,Herringbone Chetsnut Wood,A,Wilder.Cribs,Smooth Concrete,Little Meow,Wood,Oak Wooden,37,Grey Stucco
0x63dfd8765e18d1295bed26d49c8f5ad70b682fa56905c39a4a8fc1719d348a77,wilder.cribs.wiami.southbeach.qube.13-38,Unit 38,Wilder.Cribs is our Genesis Real Estate release in Wilder World. Consisting of 108 unique procedurally generated NFT luxury condos spread across 39 floors reaching up into the Wiami heavens.,ipfs://QmT5an2oLY6zabzCpyMbcTeQeajXGwM4m5R3aoQBEZUEsa,https://wilder-cribs.s3.eu-central-1.amazonaws.com/FloorPlans/038.png,disabled,1 Wilder Way,No,Condo,White Stucco,Wiami,South Beach,13,Bond Ash Parquet,B,Wilder.Cribs,Strip Oak Parquet,Little Meow,Powder Coated Steel,Concrete,38,Concrete
0x279fbaa441bab5f61b8051e466614813ede94fbc8ebe084bb0ad1154311c57cd,wilder.cribs.wiami.southbeach.qube.13-39,Unit 39,Wilder.Cribs is our Genesis Real Estate release in Wilder World. Consisting of 108 unique procedurally generated NFT luxury condos spread across 39 floors reaching up into the Wiami heavens.,ipfs://QmVwr5ikBvuWpWiks2UxjHXgrMpcLm17aEB9YVbtgS8hbj,ipfs://QmNp4963gdQocPm7aPuwg7hUqJpBw68BQgbqiuBwyk6drM,disabled,1 Wilder Way,Yes,Condo,Painted Wooden Planks,Wiami,South Beach,13,Herringbone Chetsnut Wood,C,Wilder.Cribs,English Bond Parquet,Little Meow,Polished Stainless Steel,White Wooden,39,Grey Stucco
0x2738a68a57432b0d3a8d7862dd092e68a9531c88c94fd05d4902b94403558619,wilder.cribs.wiami.southbeach.qube.14-40,Unit 40,Wilder.Cribs is our Genesis Real Estate release in Wilder World. Consisting of 108 unique procedurally generated NFT luxury condos spread across 39 floors reaching up into the Wiami heavens.,ipfs://QmdDBVyKwU2cpwsPv2yv1CNaDqcwLduatbwW1gGLvKyvi2,ipfs://QmaAnBEC6aHmLCsUJwNhSHtjziJMNs4DfrCXqmhP4fRusP,disabled,1 Wilder Way,No,Condo,Softwood,Wiami,South Beach,14,Bond Cedar Parquet,A,Wilder.Cribs,Stack Parquet,Little Meow,Wood,Black Softwood,40,Smooth Concrete
0x9eaacf0d7762d215d6aef04ef66c9df128f910df678811d87dd3a22274721c75,wilder.cribs.wiami.southbeach.qube.14-41,Unit 41,Wilder.Cribs is our Genesis Real Estate release in Wilder World. Consisting of 108 unique procedurally generated NFT luxury condos spread across 39 floors reaching up into the Wiami heavens.,ipfs://QmUTSpnunJKTp1Ny3q9h6dJ9j5YU9XqVs2GncXXmtRroXp,ipfs://QmdJKHawPTkej4wBme1LqtBFLyCGwF4rLuHCmn4VyWdPSz,disabled,1 Wilder Way,No,Condo,Cedar Wooden,Wiami,South Beach,14,Floated Concrete,B,Wilder.Cribs,White Parquet Wood,Little Meow,Polished Stainless Steel,White Wooden,41,Narrow Wooden Strips
0xa1e490b69461561801566e1326d3d17c41923a59ab14e3ecbe7a6027b494ad4c,wilder.cribs.wiami.southbeach.qube.14-42,Unit 42,Wilder.Cribs is our Genesis Real Estate release in Wilder World. Consisting of 108 unique procedurally generated NFT luxury condos spread across 39 floors reaching up into the Wiami heavens.,ipfs://QmPP7bs1X7RK3ph9aeqdu5zB5P8sH98kDfGupn2r3GfgYn,ipfs://QmaDUDgz5UTAvYL8p6thomqVD8VMhhd7TBtxmH4toG2fJY,disabled,1 Wilder Way,Yes,Condo,Softwood,Wiami,South Beach,14,Chevrone Parquet,C,Wilder.Cribs,Strip Oak Parquet,Little Meow,Wood,Black Softwood,42,Smooth Concrete
0x1d403713401864ba0b14b2c481de6f684e4ab27790653b8d52258fa64f05a8ed,wilder.cribs.wiami.southbeach.qube.15-43,Unit 43,Wilder.Cribs is our Genesis Real Estate release in Wilder World. Consisting of 108 unique procedurally generated NFT luxury condos spread across 39 floors reaching up into the Wiami heavens.,ipfs://QmQJvSm1vPpPddyioJwbB13BcoD1wvP75GYnU1QG3y4KLV,ipfs://QmYcA2fY1gkTQLGjc4SwukoiY9kWdEdLwruyGozKPSGufx,disabled,1 Wilder Way,No,Condo,Poplar Veneer,Wiami,South Beach,15,Herringbone Chetsnut Wood,A,Wilder.Cribs,Stack Parquet,Little Meow,Powder Coated Steel,Wenge Softwood,43,Painted Concrete
0x6fe1e9c431ae4e84361a2cec8d9a35581fc51b08402ac7b39dbe72f0ff73e9c2,wilder.cribs.wiami.southbeach.qube.15-44,Unit 44,Wilder.Cribs is our Genesis Real Estate release in Wilder World. Consisting of 108 unique procedurally generated NFT luxury condos spread across 39 floors reaching up into the Wiami heavens.,ipfs://QmQvJNkrphkRw39ifo1S2afiBPkqP2EA5BEvxsqZHVUwCv,ipfs://QmbyCAnCWwQabkmBokSLxKx9mAdKf2ShZtR4Qc9HxmVAdZ,disabled,1 Wilder Way,No,Condo,White Stucco,Wiami,South Beach,15,White Parqued Wood,B,Wilder.Cribs,Stack Parquet,Little Meow,Wood,Black Wooden,44,Grey Stucco
0xccff56527c683cdf1a83363b21d6abdb25a7d270fb5b8673b562668eaeee610a,wilder.cribs.wiami.southbeach.qube.15-45,Unit 45,Wilder.Cribs is our Genesis Real Estate release in Wilder World. Consisting of 108 unique procedurally generated NFT luxury condos spread across 39 floors reaching up into the Wiami heavens.,ipfs://QmZHm8nDFniZwnfJojxwBFnUFwbUzqm4CCFm8kPd2w5p4v,https://wilder-cribs.s3.eu-central-1.amazonaws.com/FloorPlans/045.png,disabled,1 Wilder Way,Yes,Condo,Softwood,Wiami,South Beach,15,Ekeberg Marble,C,Wilder.Cribs,Strip Oak Parquet,Little Meow,Polished Stainless Steel,Wenge Softwood,45,Concrete
0x368480dc7f8a6e501a6a4e0583f3e6715d5a1e1acc146d3ba1d4444f98ba4bd2,wilder.cribs.wiami.southbeach.qube.16-46,Unit 46,Wilder.Cribs is our Genesis Real Estate release in Wilder World. Consisting of 108 unique procedurally generated NFT luxury condos spread across 39 floors reaching up into the Wiami heavens.,ipfs://QmSrp5N5dSoPgFUAPxMFHneUtbsnR4Ziu7opjaKpoimH1p,ipfs://QmZ6ZSfY4n27n3kuAKURxBjKrBXro73wfs4VJTa7eRjpGR,disabled,1 Wilder Way,No,Condo,White Stucco,Wiami,South Beach,16,Herringbone Chetsnut Wood,A,Wilder.Cribs,Stack Parquet,Little Meow,Powder Coated Steel,White Wooden,46,Grey Stucco
0xf2d9aaae5c3d93acd5031d15d4659fe74954ff798bc8cf9e4904f9f6c794e524,wilder.cribs.wiami.southbeach.qube.16-47,Unit 47,Wilder.Cribs is our Genesis Real Estate release in Wilder World. Consisting of 108 unique procedurally generated NFT luxury condos spread across 39 floors reaching up into the Wiami heavens.,ipfs://QmfBtFYZrFvj3jFk6iwznwijdK5R9y4kG8K5F14LNA2m7g,ipfs://QmUNjbq1coD34AHLUuMuoidcunHLdPj8wzQfE7LnmDr46D,disabled,1 Wilder Way,No,Condo,Softwood,Wiami,South Beach,16,Herringbone Chetsnut Wood,B,Wilder.Cribs,Stack Parquet,Little Meow,Wood,Wenge Softwood,47,Narrow Wooden Strips
0xe2b2715fdb7c219ee63a9e5a0fd07f05d90a60cbf734333dd99b37f9bcb7a8df,wilder.cribs.wiami.southbeach.qube.16-48,Unit 48,Wilder.Cribs is our Genesis Real Estate release in Wilder World. Consisting of 108 unique procedurally generated NFT luxury condos spread across 39 floors reaching up into the Wiami heavens.,ipfs://QmQg9kjbLjvr4Uq8ucwhkRfBYzWJdBZESCt1mXmqSpBy5u,ipfs://QmRU5NFqhwnEkMFkPx1nYfXPqX6MEZVoa7NmZx7fGzfW3v,disabled,1 Wilder Way,Yes,Condo,Cedar Wooden,Wiami,South Beach,16,Bond Ash Parquet,C,Wilder.Cribs,English Bond Parquet,Little Meow,Powder Coated Steel,Oak Wooden,48,Cast Concrete
0x78507785c2394b56400f7e99b51ada9edc3dfcfa8af744e5114aed5d4a61ad01,wilder.cribs.wiami.southbeach.qube.17-49,Unit 49,Wilder.Cribs is our Genesis Real Estate release in Wilder World. Consisting of 108 unique procedurally generated NFT luxury condos spread across 39 floors reaching up into the Wiami heavens.,ipfs://QmSSZqaKW1TdoPFxuvGbdn4idNnd5WGMU7HhkNzSryRPCZ,https://wilder-cribs.s3.eu-central-1.amazonaws.com/FloorPlans/049.png,disabled,1 Wilder Way,No,Condo,Softwood,Wiami,South Beach,17,Bond Cedar Parquet,A,Wilder.Cribs,Stack Parquet,Little Meow,Powder Coated Steel,Wenge Softwood,49,Painted Concrete
0xc3b4c2157e004ea61ec8b7ac771c537202ad68bb3fd02628048a131a709006d8,wilder.cribs.wiami.southbeach.qube.17-50,Unit 50,Wilder.Cribs is our Genesis Real Estate release in Wilder World. Consisting of 108 unique procedurally generated NFT luxury condos spread across 39 floors reaching up into the Wiami heavens.,ipfs://QmRZqUp6GSMhB8HKo738KHNANWYtbEcncUFBsBy8zMGs3W,ipfs://QmYr39BnNWXbBNw8Mxuq7mfauGHFzjYQjQJAx2ooVFLQKu,disabled,1 Wilder Way,No,Condo,Wood Wool,Wiami,South Beach,17,Chevrone Parquet,B,Wilder.Cribs,Smooth Concrete,Little Meow,Polished Stainless Steel,White Wooden,50,Smooth Concrete
0x5407749b5eadc8ae0bdfab417939a4e87fba7eaaea25db12862826f5113604c1,wilder.cribs.wiami.southbeach.qube.17-51,Unit 51,Wilder.Cribs is our Genesis Real Estate release in Wilder World. Consisting of 108 unique procedurally generated NFT luxury condos spread across 39 floors reaching up into the Wiami heavens.,ipfs://QmaDwyvsZuuooBg6AoG8spLUWBaQKFRz2ym76f83nG7LkV,ipfs://QmUC3bqMczs1TziVQTHVh6ootDNujAeveNcBFfbypXneti,disabled,1 Wilder Way,Yes,Condo,White Stucco,Wiami,South Beach,17,Bond Cedar Parquet,C,Wilder.Cribs,Stack Parquet,Little Meow,Wood,Oak Wooden,51,Grey Stucco
0x02955fe9c2874767b2099d438cf2560ac1a8a9b0bd2b3f14176ff1d22bbc41ea,wilder.cribs.wiami.southbeach.qube.18-52,Unit 52,Wilder.Cribs is our Genesis Real Estate release in Wilder World. Consisting of 108 unique procedurally generated NFT luxury condos spread across 39 floors reaching up into the Wiami heavens.,ipfs://QmcWFCQXhqGP17U6XLuYqp7XgodADmHzEcMpFaMMdRWfRA,ipfs://QmWFnpbTVRDzBhoinhqqh11uroDGwuLTbaR5J95nY1dwyv,disabled,1 Wilder Way,No,Condo,White Stucco,Wiami,South Beach,18,Concrete,A,Wilder.Cribs,Strip Oak Parquet,Little Meow,Polished Stainless Steel,Black Softwood,52,Cast Concrete
0xfdfe0181dbbd173caf825f9ea4b0dd1a0991b101ca9349f577a4ece85b2b1c3d,wilder.cribs.wiami.southbeach.qube.18-53,Unit 53,Wilder.Cribs is our Genesis Real Estate release in Wilder World. Consisting of 108 unique procedurally generated NFT luxury condos spread across 39 floors reaching up into the Wiami heavens.,ipfs://QmPZWMqgnq5sLyv8KL1tuqGBSS7HSjnVonEbe5GJrH6PUE,ipfs://QmdrqJyjTeBjYAMC6HjVgVWbn95zEXECN7bxcDZdwDxTKm,disabled,1 Wilder Way,No,Condo,Painted Wooden Planks,Wiami,South Beach,18,Chevrone Parquet,B,Wilder.Cribs,English Bond Parquet,Little Meow,Polished Stainless Steel,Wenge Softwood,53,Grey Stucco
0x8b12374324054d4b6a33e28a2827581dc0ea807384a628b17b3bbf4312bd8a05,wilder.cribs.wiami.southbeach.qube.18-54,Unit 54,Wilder.Cribs is our Genesis Real Estate release in Wilder World. Consisting of 108 unique procedurally generated NFT luxury condos spread across 39 floors reaching up into the Wiami heavens.,ipfs://QmcsV5Xr3tucqQCRHKtm6T7RigUVRycc5GdZt8B3PfcvWq,ipfs://QmTWCsMC9uwChP8TXYm5tyLDZHvAg9X8PGSh5dP6CWuymw,disabled,1 Wilder Way,Yes,Condo,Softwood,Wiami,South Beach,18,Bond Ash Parquet,C,Wilder.Cribs,Parquet Wood,Little Meow,Powder Coated Steel,Concrete,54,Shuttered Concrete
0x7cab2ffa68d80f73d1db3e0eae24c8061c3e43b511a790483e17d4357883e01c,wilder.cribs.wiami.southbeach.qube.19-55,Unit 55,Wilder.Cribs is our Genesis Real Estate release in Wilder World. Consisting of 108 unique procedurally generated NFT luxury condos spread across 39 floors reaching up into the Wiami heavens.,ipfs://QmVGSufy3MAbPUb25z1NjMbbED6YESLGQjQ3V5g5jZdyY3,ipfs://Qma83yaTeNh9DY6M8kpy4ob11RNmn8EPr2M7naB1AU2pPv,disabled,1 Wilder Way,No,Condo,Wood Wool,Wiami,South Beach,19,Bond Cedar Parquet,A,Wilder.Cribs,Stack Parquet,Little Meow,Wood,Wenge Softwood,55,Painted Concrete
0x4a698bf3a2e3dd28cfdd4f1665f4341493f4ce158665ff03f9bc1ebe1008d41b,wilder.cribs.wiami.southbeach.qube.19-56,Unit 56,Wilder.Cribs is our Genesis Real Estate release in Wilder World. Consisting of 108 unique procedurally generated NFT luxury condos spread across 39 floors reaching up into the Wiami heavens.,ipfs://QmQc1XV4savQNSDcgLdPX798y6tfMsV2vruSsMw3f3cNNw,ipfs://QmWhhQ5jCqjn1W8ys4PsdwEABoN9tv3wsy2KGAy4niLG2a,disabled,1 Wilder Way,No,Condo,Softwood,Wiami,South Beach,19,Herringbone Chetsnut Wood,B,Wilder.Cribs,Parquet Wood,Little Meow,Polished Stainless Steel,White Wooden,56,Brushed Concrete
0x36e49110a2cd013c62a8dccb339f8d1416ea5f66c67b18fd05a1cc3b62b44548,wilder.cribs.wiami.southbeach.qube.19-57,Unit 57,Wilder.Cribs is our Genesis Real Estate release in Wilder World. Consisting of 108 unique procedurally generated NFT luxury condos spread across 39 floors reaching up into the Wiami heavens.,ipfs://QmYaefjuHQX9JkwxYh78T3BN6txG3QmZCSKCwbt89pFyPQ,ipfs://QmPKesUY4J1Mf4jfhStKUt7LVmh9Nt3fpBvGMa8LZFixGd,disabled,1 Wilder Way,Yes,Condo,Softwood,Wiami,South Beach,19,Herringbone Chetsnut Wood,C,Wilder.Cribs,Strip Oak Parquet,Little Meow,Wood,Wenge Softwood,57,Grey Stucco
0x9ffcbcf787f331947e940529c73d0bc5016044eb3c18452cb91c40b7c154367d,wilder.cribs.wiami.southbeach.qube.2-4,Unit 4,Wilder.Cribs is our Genesis Real Estate release in Wilder World. Consisting of 108 unique procedurally generated NFT luxury condos spread across 39 floors reaching up into the Wiami heavens.,ipfs://Qme5zH9UN57gxug478PAQEQtor9pkgua7io5awaw6Mthxb,ipfs://QmcSRoE57dC5aRQHgq3VmNAswFvo441u6txhGDrirtQcLh,disabled,1 Wilder Way,No,Condo,Wood Wool,Wiami,South Beach,2,Bond Ash Parquet,A,Wilder.Cribs,Parquet Wood,Little Meow,Powder Coated Steel,Wenge Softwood,4,Brushed Concrete
0x8b93e646cfd530e3ccbbb0474655420aa8aabc4db01556cee532c7efbcc0adbf,wilder.cribs.wiami.southbeach.qube.2-5,Unit 5,Wilder.Cribs is our Genesis Real Estate release in Wilder World. Consisting of 108 unique procedurally generated NFT luxury condos spread across 39 floors reaching up into the Wiami heavens.,ipfs://QmZsdgK8pDgeDSFdyQVHmtnuyaukvAYZw6AbZUKesB21cw,ipfs://QmQwTu1Cwar1nWF1t2SbjHHdBuUsmLH3MC3vNNWV8VK9vB,disabled,1 Wilder Way,No,Condo,White Stucco,Wiami,South Beach,2,Chevrone Parquet,B,Wilder.Cribs,Stack Parquet,Little Meow,Wood,White Wooden,5,Smooth Concrete
0x1ee1c5551fbebd426fb25a8ce2451d69736c89d4aac3cff89be67a0c61f41517,wilder.cribs.wiami.southbeach.qube.2-6,Unit 6,Wilder.Cribs is our Genesis Real Estate release in Wilder World. Consisting of 108 unique procedurally generated NFT luxury condos spread across 39 floors reaching up into the Wiami heavens.,ipfs://QmUU7T5ugckT2URrAt34QQTzzKbREkUPTJqivPwQmwka3e,ipfs://QmSH3FRiZtCoZmnMyxKb1PnEEMbT73nQKut63HHkFX56bf,disabled,1 Wilder Way,Yes,Condo,White Stucco,Wiami,South Beach,2,Herringbone Chetsnut Wood,C,Wilder.Cribs,English Bond Parquet,Little Meow,Powder Coated Steel,Black Softwood,6,Painted Concrete
0xadfb46ee43da0ac346d3546fc18e1c268cdbdb147cb66b5c03aa1f806080c3e0,wilder.cribs.wiami.southbeach.qube.20-58,Unit 58,Wilder.Cribs is our Genesis Real Estate release in Wilder World. Consisting of 108 unique procedurally generated NFT luxury condos spread across 39 floors reaching up into the Wiami heavens.,ipfs://QmNWdYkqef8JvtSXBnFPWQGmJo4cf1HqD3DRp4AW7DPCXs,ipfs://QmRfqMvet9VhMStXqDvugEti9LhZKe8aX9Yr2qdBNxuzpT,disabled,1 Wilder Way,No,Condo,Cedar Wooden,Wiami,South Beach,20,Grey Marble,A,Wilder.Cribs,Stack Parquet,Little Meow,Powder Coated Steel,Black Wooden,58,Narrow Wooden Strips
0x29c3f771fc5753fd24c80160302e2682acd82fc8ef7908383fe3ecb91f4e6650,wilder.cribs.wiami.southbeach.qube.20-59,Unit 59,Wilder.Cribs is our Genesis Real Estate release in Wilder World. Consisting of 108 unique procedurally generated NFT luxury condos spread across 39 floors reaching up into the Wiami heavens.,ipfs://QmRkcM5zYjAHfxQm8TrHhZLQtHWkvYxKfmesUAw5yFJewj,ipfs://QmQ2T81oe5tyyXG6dEBY4x1xsXLohCE7zXgYaMhQ3QKoVL,disabled,1 Wilder Way,No,Condo,Wood Wool,Wiami,South Beach,20,Chevrone Parquet,B,Wilder.Cribs,English Bond Parquet,Little Meow,Satin Black Metal,Wenge Softwood,59,Concrete
0x4086f62143652c6bd788f6902b441b32d63efad6ba5f8f68a47a5251e66bd419,wilder.cribs.wiami.southbeach.qube.20-60,Unit 60,Wilder.Cribs is our Genesis Real Estate release in Wilder World. Consisting of 108 unique procedurally generated NFT luxury condos spread across 39 floors reaching up into the Wiami heavens.,ipfs://QmRe8ePmbqXMCagGL6ZKmNG9iYJrh2wvr6xhdSoiLxCGzj,ipfs://QmQLu7tYS8zBueW2BiKBEThusbZUENmk3syYLfmNV6aCbo,disabled,1 Wilder Way,Yes,Condo,Oak Veneer,Wiami,South Beach,20,White Parqued Wood,C,Wilder.Cribs,Stack Parquet,Little Meow,Wood,Oak Wooden,60,Cast Concrete
0xa695fdb645f4ef7b14642d80c9b20b35661ef28abdb45b5b2955317e13832f07,wilder.cribs.wiami.southbeach.qube.21-61,Unit 61,Wilder.Cribs is our Genesis Real Estate release in Wilder World. Consisting of 108 unique procedurally generated NFT luxury condos spread across 39 floors reaching up into the Wiami heavens.,ipfs://QmSrVL9MaGysacSY4cfdw8UDcvHUgqY2owLveHGTtxAUUS,ipfs://QmTZnBygeNXucR9FwaPBTS3ojiPfRfBZrf8xVtk3dRmRcz,disabled,1 Wilder Way,No,Condo,White Stucco,Wiami,South Beach,21,Bond Ash Parquet,A,Wilder.Cribs,White Parquet Wood,Little Meow,Wood,Black Softwood,61,Grey Stucco
0xd8a5a8c6530bb6872299d7a9a98b6b80e7b2dc8f0462c14a29dce25a66ce7e23,wilder.cribs.wiami.southbeach.qube.21-62,Unit 62,Wilder.Cribs is our Genesis Real Estate release in Wilder World. Consisting of 108 unique procedurally generated NFT luxury condos spread across 39 floors reaching up into the Wiami heavens.,ipfs://QmNxBkYwexeUA4eBem3sw2WMAVcfXqZHvvj6o5G4tgezLG,ipfs://Qme1P6qyi6ZLbNVMDyvcwwqU1R8wciUHW5Sz6PaJqXWp3z,disabled,1 Wilder Way,No,Condo,Wood Wool,Wiami,South Beach,21,Chevrone Parquet,B,Wilder.Cribs,Strip Oak Parquet,Little Meow,Satin Black Metal,Wenge Softwood,62,Grey Stucco
0x1c9bd0be5db0d6b894e52356def7a2b21800598ab1549c0543abd39e045088d7,wilder.cribs.wiami.southbeach.qube.21-63,Unit 63,Wilder.Cribs is our Genesis Real Estate release in Wilder World. Consisting of 108 unique procedurally generated NFT luxury condos spread across 39 floors reaching up into the Wiami heavens.,ipfs://QmdrfH4sqAawpyryRNiXPeXMdHLLQGDshpyuPxU8XmAD6m,ipfs://QmfDLYoai16BSko6YpBj52kBK8rPJpYqScHvNqixU7Ap4p,disabled,1 Wilder Way,Yes,Condo,Painted Wooden Planks,Wiami,South Beach,21,Floated Concrete,C,Wilder.Cribs,Stack Parquet,Little Meow,Wood,Black Softwood,63,Painted Concrete
0x89423177f530839f20d6b20c76baccbe6a426ec54bc9fe2f41dfdd9bada824d9,wilder.cribs.wiami.southbeach.qube.22-64,Unit 64,Wilder.Cribs is our Genesis Real Estate release in Wilder World. Consisting of 108 unique procedurally generated NFT luxury condos spread across 39 floors reaching up into the Wiami heavens.,ipfs://QmP6DbisgFk9gsg62XU2u2mVKVFgsgwH172MNKoorrWgcW,ipfs://QmZ3bNEhuowcXR4MNf9CvckH6FAJ27TopW83EncnS31inw,disabled,1 Wilder Way,No,Condo,Softwood,Wiami,South Beach,22,Chevrone Parquet,A,Wilder.Cribs,Strip Oak Parquet,Little Meow,Powder Coated Steel,Black Wooden,64,Stacked Stone
0xdab8556f7cfcafbc164fd913dc53052e598b0bddfe232e2aa7421c4d0f7bf23a,wilder.cribs.wiami.southbeach.qube.22-65,Unit 65,Wilder.Cribs is our Genesis Real Estate release in Wilder World. Consisting of 108 unique procedurally generated NFT luxury condos spread across 39 floors reaching up into the Wiami heavens.,ipfs://QmW8hWCanLxFY6WMHJX3XcWEbBBMGU5RnAvjisCURVVZLR,ipfs://QmdgNsNz7HjdoHZ46XVcNCES2mJS3pYgdtyeAQLYPjSK4G,disabled,1 Wilder Way,No,Condo,Cedar Wooden,Wiami,South Beach,22,Bond Ash Parquet,B,Wilder.Cribs,English Bond Parquet,Little Meow,Black Steel,Wenge Softwood,65,Painted Concrete
0xe9bc408cd04a48d7a003db0e97a33a76ed6f5c816f0368fc19bbc1587732bb2c,wilder.cribs.wiami.southbeach.qube.22-66,Unit 66,Wilder.Cribs is our Genesis Real Estate release in Wilder World. Consisting of 108 unique procedurally generated NFT luxury condos spread across 39 floors reaching up into the Wiami heavens.,ipfs://QmeCwshh5eZm3vW2bMzvFrQvuZyG3r8w12FjZ8DzQWXLLz,ipfs://Qmehy5EZ9d2G6yG47PC5Gw5KmrzYkrvPEuXvSmem43AyY6,disabled,1 Wilder Way,Yes,Condo,White Stucco,Wiami,South Beach,22,White Parqued Wood,C,Wilder.Cribs,Smooth Concrete,Little Meow,Wood,Wenge Softwood,66,Cast Concrete
0x9e381e184f0eb29cc674ec2dfa6bcd79055ea0235c1a655a321daff067ca801f,wilder.cribs.wiami.southbeach.qube.23-67,Unit 67,Wilder.Cribs is our Genesis Real Estate release in Wilder World. Consisting of 108 unique procedurally generated NFT luxury condos spread across 39 floors reaching up into the Wiami heavens.,ipfs://QmQYLEdoKaSFSJXcuVsgZ3yiBU79VNUACydYCNpeSkFB4D,ipfs://QmcXm8kdb13utpp9i7rHcHEVffHyFExrjgqc6q4cY4Y8Yh,disabled,1 Wilder Way,No,Condo,Poplar Veneer,Wiami,South Beach,23,Herringbone Chetsnut Wood,A,Wilder.Cribs,Stack Parquet,Little Meow,Polished Stainless Steel,Oak Wooden,67,Grey Stucco
0x26a6fe239a1cf5ee27c6ff719cda13a3417cd8e70f8b6adcb96c79bbeb4662a7,wilder.cribs.wiami.southbeach.qube.23-68,Unit 68,Wilder.Cribs is our Genesis Real Estate release in Wilder World. Consisting of 108 unique procedurally generated NFT luxury condos spread across 39 floors reaching up into the Wiami heavens.,ipfs://QmRw215DT554VJRSHo1Z3RK7BDyEihfosGy5covPZ61jNt,ipfs://QmZFjN6kPxCm1kSaBW1aJmSRbMJCgoa4eqtoFSEeSriZaB,disabled,1 Wilder Way,No,Condo,Wood Wool,Wiami,South Beach,23,Ekeberg Marble,B,Wilder.Cribs,White Parquet Wood,Little Meow,Powder Coated Steel,Wenge Softwood,68,Grey Stucco
0xe94ecea3c7f24d0f94507e652f78887b00e3c26cb23a1e69b5bee1811cfb43d1,wilder.cribs.wiami.southbeach.qube.23-69,Unit 69,Wilder.Cribs is our Genesis Real Estate release in Wilder World. Consisting of 108 unique procedurally generated NFT luxury condos spread across 39 floors reaching up into the Wiami heavens.,ipfs://QmYiuZUZvzJuhugprBWgKYQmkrSn9DZ9Nr2B5tPgi21ryZ,ipfs://QmSz6fFroNJ6QSXz8VzVk27GMjKfuT3MnCZxLeu9qku1qZ,disabled,1 Wilder Way,Yes,Condo,Softwood,Wiami,South Beach,23,Herringbone Chetsnut Wood,C,Wilder.Cribs,Parquet Wood,Little Meow,Wood,Porcelain,69,Grey Stucco
0x0c47e0e3af90836a09a0284b571dd2a262a309e2115bc6cb6b87f33902e0f3ef,wilder.cribs.wiami.southbeach.qube.24-70,Unit 70,Wilder.Cribs is our Genesis Real Estate release in Wilder World. Consisting of 108 unique procedurally generated NFT luxury condos spread across 39 floors reaching up into the Wiami heavens.,ipfs://QmThv9aXTsdrXvLeGHCBYXzqvQPKmqqjeRdTRUMgyKkREJ,ipfs://QmPsazWB1MhdGpxgZXj9vrGJJGUqmtNMEgTGcBwYqydyjb,disabled,1 Wilder Way,No,Condo,Cedar Wooden,Wiami,South Beach,24,Bond Ash Parquet,A,Wilder.Cribs,Strip Oak Parquet,Little Meow,Satin Black Metal,Black Softwood,70,Cast Concrete
0x862bc4279a9c2ee33b29ef8f5f55d3742b131c568d90b64e5528a6b473da6398,wilder.cribs.wiami.southbeach.qube.24-71,Unit 71,Wilder.Cribs is our Genesis Real Estate release in Wilder World. Consisting of 108 unique procedurally generated NFT luxury condos spread across 39 floors reaching up into the Wiami heavens.,ipfs://QmYruKELAsZeWhEV8VthJ9k6A37nrWsvcUZJJwNLfENHhB,ipfs://QmUcAL8HopvXqWvQcYgQ8GZCdCjh4jh22qNBdvP2eMhkrh,disabled,1 Wilder Way,No,Condo,Wood Wool,Wiami,South Beach,24,Bond Cedar Parquet,B,Wilder.Cribs,English Bond Parquet,Little Meow,Black Steel,Wenge Softwood,71,Narrow Wooden Strips
0x33d3bac4c30767c2a2929725e4ac69dc67797d1438166338a3e8eeeae3f96ba2,wilder.cribs.wiami.southbeach.qube.24-72,Unit 72,Wilder.Cribs is our Genesis Real Estate release in Wilder World. Consisting of 108 unique procedurally generated NFT luxury condos spread across 39 floors reaching up into the Wiami heavens.,ipfs://QmXiEZaWK2teVCfiMrTcTcxMVLRS6iWvRm5zx2mijJYbpp,ipfs://QmWvnqrn2zYsM69w5RRLmN4hwZa36iaL6q9N2CwZg5RtZh,disabled,1 Wilder Way,Yes,Condo,Painted Wooden Planks,Wiami,South Beach,24,White Parqued Wood,C,Wilder.Cribs,Smooth Concrete,Little Meow,Wood,Oak Wooden,72,Painted Concrete
0xe44dcdc4d5c6a2464294fcd24644e72cb51d5c83df965010297c323d8c42cef9,wilder.cribs.wiami.southbeach.qube.25-73,Unit 73,Wilder.Cribs is our Genesis Real Estate release in Wilder World. Consisting of 108 unique procedurally generated NFT luxury condos spread across 39 floors reaching up into the Wiami heavens.,ipfs://QmYh5jJyUidsk8UPmDA7fJNbarQtPCnq3RWUtxbTHmnuFc,ipfs://QmYmfcqHfMerBoz616UTGWC5QytiNqbtZwx528TF3VqsfH,disabled,1 Wilder Way,No,Condo,White Stucco,Wiami,South Beach,25,Herringbone Chetsnut Wood,A,Wilder.Cribs,English Bond Parquet,Little Meow,Satin Black Metal,Wenge Softwood,73,Shuttered Concrete
0x60e18cea3b3c770374fdc7c50b8a2b912d9577c87da9d2a3275637964311f185,wilder.cribs.wiami.southbeach.qube.25-74,Unit 74,Wilder.Cribs is our Genesis Real Estate release in Wilder World. Consisting of 108 unique procedurally generated NFT luxury condos spread across 39 floors reaching up into the Wiami heavens.,ipfs://QmTdsenDeD6NRn6Jy7t1MoYfR8Ugr63vj4MU4RSaxCAXsN,ipfs://QmTgdJxMGHaS2p2Wjp5foCjq7s6dtfj2idCYUWyinLqZYn,disabled,1 Wilder Way,No,Condo,Oak Veneer,Wiami,South Beach,25,Concrete,B,Wilder.Cribs,White Parquet Wood,Little Meow,Black Steel,Wenge Softwood,74,Narrow Wooden Strips
0xeb0f3f7b07b013aac8751993f658580304b70905824aac38edd75c28773edb00,wilder.cribs.wiami.southbeach.qube.25-75,Unit 75,Wilder.Cribs is our Genesis Real Estate release in Wilder World. Consisting of 108 unique procedurally generated NFT luxury condos spread across 39 floors reaching up into the Wiami heavens.,ipfs://Qme8kfnqoQPv6TyzrQwxufc9rzLxaBLgWavA7M8EKvUp1i,ipfs://QmZzhQyA2RXXUdq9K72uUNcZ8n6BhZhC7nezRxv3pcS65t,disabled,1 Wilder Way,Yes,Condo,Softwood,Wiami,South Beach,25,Bond Cedar Parquet,C,Wilder.Cribs,English Bond Parquet,Little Meow,Wood,Satin Glass,75,Grey Slated Stone
0x48f583d085b6e27b84d33a2b8cd0916ba01f65ddd8c3ce8933e00ba7d0886105,wilder.cribs.wiami.southbeach.qube.26-76,Unit 76,Wilder.Cribs is our Genesis Real Estate release in Wilder World. Consisting of 108 unique procedurally generated NFT luxury condos spread across 39 floors reaching up into the Wiami heavens.,ipfs://QmY31yym7458QusFxsEf3PYrJBg3Hm3mZvFd8PAXMVFXEU,ipfs://QmQaKKBohh1waHmNGAaCF5FeCJPTwJDfQSxk7e7EMEZZan,disabled,1 Wilder Way,No,Condo,Painted Wooden Planks,Wiami,South Beach,26,White Parqued Wood,A,Wilder.Cribs,White Parquet Wood,Little Meow,Powder Coated Steel,Wenge Softwood,76,Concrete
0xf14f2a72508fce8e8cb7cc716361d52e2b2eb23beba30074c7b9f8489bd780e3,wilder.cribs.wiami.southbeach.qube.26-77,Unit 77,Wilder.Cribs is our Genesis Real Estate release in Wilder World. Consisting of 108 unique procedurally generated NFT luxury condos spread across 39 floors reaching up into the Wiami heavens.,ipfs://QmaqS4YySuS2TD8E1YYJv8ecnztkpmC3DzBgbY3Qm4STbM,ipfs://QmdjdCfWxdfZW9jPRAeY9DMb5fszTCFtt4Cawfj57YrFvQ,disabled,1 Wilder Way,No,Condo,Wood Wool,Wiami,South Beach,26,Concrete,B,Wilder.Cribs,Strip Oak Parquet,Little Meow,Polished Stainless Steel,Black Wooden,77,Painted Concrete
0x74f81acd141599134793c7606ad793527907bece4a0208d916c36a94139b833a,wilder.cribs.wiami.southbeach.qube.26-78,Unit 78,Wilder.Cribs is our Genesis Real Estate release in Wilder World. Consisting of 108 unique procedurally generated NFT luxury condos spread across 39 floors reaching up into the Wiami heavens.,ipfs://QmTYwJNzNpyuBBazoQWLpSKYXY2VusNjcwvuQLGWZcbKo4,ipfs://Qmf39ohsdwT3xb3sKbwE54XxL4mXdWzBcd6Nf4hGJdcWku,disabled,1 Wilder Way,Yes,Condo,White Stucco,Wiami,South Beach,26,White Parqued Wood,C,Wilder.Cribs,Concrete,Little Meow,Wood,Black Softwood,78,Brushed Concrete
0xd69205c91333e55e04f56fb38703b51e1d51a1df4cd19e1ca2fbfcccde34afec,wilder.cribs.wiami.southbeach.qube.27-79,Unit 79,Wilder.Cribs is our Genesis Real Estate release in Wilder World. Consisting of 108 unique procedurally generated NFT luxury condos spread across 39 floors reaching up into the Wiami heavens.,ipfs://QmVUrjoaenQEUR9hzUTvpD7Jc61Ag7JXYAG77MY5hhDrej,ipfs://Qmc1yjPkFwaBnukP8yMfMExpALTm9JrPWu84zuJrTLrCbA,disabled,1 Wilder Way,No,Condo,Wood Panels,Wiami,South Beach,27,Chevrone Parquet,A,Wilder.Cribs,Stack Parquet,Little Meow,Polished Stainless Steel,Oak Wooden,79,Concrete
0x2321fb14ad882e3effcc33d29f0ffcaadedb8ad2ec7e1e826dbaaf5fbadf9995,wilder.cribs.wiami.southbeach.qube.27-80,Unit 80,Wilder.Cribs is our Genesis Real Estate release in Wilder World. Consisting of 108 unique procedurally generated NFT luxury condos spread across 39 floors reaching up into the Wiami heavens.,ipfs://QmTHLH3B9CzADBaNu5c6hwmTLKpcPagkmw4sZ4HrmWbGPh,ipfs://QmUeM9genr4XpvG5z7ULr1iA5EPa4WJNoczQdtMpanadFN,disabled,1 Wilder Way,No,Condo,Wood Wool,Wiami,South Beach,27,Floated Concrete,B,Wilder.Cribs,English Bond Parquet,Little Meow,Powder Coated Steel,Porcelain,80,Brushed Concrete
0xea4da0773a0f215ddfb80051a4f947000ab35d7503635c853facf88363dcc645,wilder.cribs.wiami.southbeach.qube.27-81,Unit 81,Wilder.Cribs is our Genesis Real Estate release in Wilder World. Consisting of 108 unique procedurally generated NFT luxury condos spread across 39 floors reaching up into the Wiami heavens.,ipfs://QmRPWnCjQiHruEjA6rBApcNGkAKrn98b6BEruHJnLQoMS8,ipfs://Qma6Nqo5N444EXHq8PGEyswDWbXkMfaKhmuVGd4AH4yWML,disabled,1 Wilder Way,Yes,Condo,Painted Wooden Planks,Wiami,South Beach,27,Bond Ash Parquet,C,Wilder.Cribs,Parquet Wood,Little Meow,Wood,White Wooden,81,Painted Concrete
0x48d67f4d3843d3abe4ad313b63f4e48b6c810980f34e4e15b4504b14563f7af4,wilder.cribs.wiami.southbeach.qube.28-82,Unit 82,Wilder.Cribs is our Genesis Real Estate release in Wilder World. Consisting of 108 unique procedurally generated NFT luxury condos spread across 39 floors reaching up into the Wiami heavens.,ipfs://QmQFSKpukyy8M8qQ1pkG32r2a9V7EwQZhAqPzXjkmj2XhJ,https://wilder-cribs.s3.eu-central-1.amazonaws.com/FloorPlans/082.png,disabled,1 Wilder Way,No,Condo,Cedar Wooden,Wiami,South Beach,28,Bond Cedar Parquet,A,Wilder.Cribs,Smooth Concrete,Little Meow,Satin Black Metal,Black Softwood,82,Graciar Quartz
0x658c74995df9886ebb9bafe1a4489b1a2ea064050f1b78f1d92b8c2450021b90,wilder.cribs.wiami.southbeach.qube.28-83,Unit 83,Wilder.Cribs is our Genesis Real Estate release in Wilder World. Consisting of 108 unique procedurally generated NFT luxury condos spread across 39 floors reaching up into the Wiami heavens.,ipfs://QmdcvAB5aCDLNi9NAaS9zqFnGEKdyhvGKTpn18ugMeknUF,https://wilder-cribs.s3.eu-central-1.amazonaws.com/FloorPlans/083.png,disabled,1 Wilder Way,No,Condo,Oak Veneer,Wiami,South Beach,28,White Parqued Wood,B,Wilder.Cribs,Strip Oak Parquet,Little Meow,Wood,White Wooden,83,Concrete
0x7366f62b66d81e3083b6e79161a23eb7592fe87442efff2615b2561979d0fbc1,wilder.cribs.wiami.southbeach.qube.28-84,Unit 84,Wilder.Cribs is our Genesis Real Estate release in Wilder World. Consisting of 108 unique procedurally generated NFT luxury condos spread across 39 floors reaching up into the Wiami heavens.,ipfs://QmWFq4amnR4qPh6aeMJXqE2oZkjQYEJ7C81vZn4Ua2AUm2,ipfs://QmVdyitb2ioibcz82AAsgvybc8EZrmHmE4qjgyX7CDBEdc,disabled,1 Wilder Way,Yes,Condo,Softwood,Wiami,South Beach,28,Chevrone Parquet,C,Wilder.Cribs,Stack Parquet,Little Meow,Polished Stainless Steel,Oak Wooden,84,Narrow Wooden Strips
0x310363387514e7a112d5bbce5cd15d34d1f0b25d72892aab04f236012a0b0b4b,wilder.cribs.wiami.southbeach.qube.29-85,Unit 85,Wilder.Cribs is our Genesis Real Estate release in Wilder World. Consisting of 108 unique procedurally generated NFT luxury condos spread across 39 floors reaching up into the Wiami heavens.,ipfs://QmSdb3DfCRq9qKVtXBQXRRmQRx1EwyV2i2UfmEWhAMjwUd,https://wilder-cribs.s3.eu-central-1.amazonaws.com/FloorPlans/085.png,disabled,1 Wilder Way,No,Condo,Painted Wooden Planks,Wiami,South Beach,29,Grey Marble,A,Wilder.Cribs,Concrete,Little Meow,Powder Coated Steel,Black Softwood,85,Concrete
0x08eb269efd640b52b6ce91be7afaebcdf2283bfd702783a9fca3b866f70d56be,wilder.cribs.wiami.southbeach.qube.29-86,Unit 86,Wilder.Cribs is our Genesis Real Estate release in Wilder World. Consisting of 108 unique procedurally generated NFT luxury condos spread across 39 floors reaching up into the Wiami heavens.,ipfs://QmW5RJFss2aF5iYjNxxbjnhTjsi8fa68EhpqSBqdwwNMnT,ipfs://QmdqmbvkkP28qV5Bx2ZKXCkV6h6kQyg9nTcG5ujCTt6o2b,disabled,1 Wilder Way,No,Condo,Cedar Wooden,Wiami,South Beach,29,Bond Cedar Parquet,B,Wilder.Cribs,White Parquet Wood,Little Meow,Satin Black Metal,Porcelain,86,Stacked Stone
0xd7a60d37b5a3b98f7cfa427c3587f25c4eb64985294179396b6cabbd5fb25947,wilder.cribs.wiami.southbeach.qube.29-87,Unit 87,Wilder.Cribs is our Genesis Real Estate release in Wilder World. Consisting of 108 unique procedurally generated NFT luxury condos spread across 39 floors reaching up into the Wiami heavens.,ipfs://QmarZQs8mHkzNTohrZVNWFcfrigGbCfgsr1KJqZhJ9MXRH,ipfs://QmT4KXVkm7Z7AgrM1pL8oo44ERzJyYByYnggM5C1ZBS7dM,disabled,1 Wilder Way,Yes,Condo,Softwood,Wiami,South Beach,29,White Parqued Wood,C,Wilder.Cribs,Smooth Concrete,Little Meow,Polished Stainless Steel,Concrete,87,Brushed Concrete
0x2a7076e7d8875056fdc29346a59654c01dc1186b520ecef7421129a5c0957b2b,wilder.cribs.wiami.southbeach.qube.3-7,Unit 7,Wilder.Cribs is our Genesis Real Estate release in Wilder World. Consisting of 108 unique procedurally generated NFT luxury condos spread across 39 floors reaching up into the Wiami heavens.,ipfs://QmZe82oqeC9wgcAanhP41NLP4vf6xNRQkNQV49TjGtafEf,ipfs://QmcLgiXqMV43QcJfWndnqA2vjwRfVg7qYa2k6BXj8ksiRP,disabled,1 Wilder Way,No,Condo,Softwood,Wiami,South Beach,3,Concrete,A,Wilder.Cribs,Stack Parquet,Little Meow,Wood,Black Steel,7,Narrow Wooden Strips
0x96b2692f6cc397e2c41c22458c72941556e67fd4b46c32b1f07b0c951358c6d1,wilder.cribs.wiami.southbeach.qube.3-8,Unit 8,Wilder.Cribs is our Genesis Real Estate release in Wilder World. Consisting of 108 unique procedurally generated NFT luxury condos spread across 39 floors reaching up into the Wiami heavens.,ipfs://QmZsPvXgeRFp5pjZ2qKBUjknFS2wamAN6q7V4cDnXJh9Z5,ipfs://QmVrrNMCtSCPgjUbAXo9Ci5PFtHcBpadbaVQWf7zbxLxqo,disabled,1 Wilder Way,No,Condo,Cedar Wooden,Wiami,South Beach,3,Herringbone Chetsnut Wood,B,Wilder.Cribs,English Bond Parquet,Little Meow,Powder Coated Steel,Wenge Softwood,8,Grey Slated Stone
0x0ef32ee7d99e80b6d4c96a50b14253f2cd41452d74b17753b35010c995919c36,wilder.cribs.wiami.southbeach.qube.3-9,Unit 9,Wilder.Cribs is our Genesis Real Estate release in Wilder World. Consisting of 108 unique procedurally generated NFT luxury condos spread across 39 floors reaching up into the Wiami heavens.,ipfs://QmezuhBbifZWjQqXSvqZB6DoTK5tifiLCNwdqGkaBVPAty,ipfs://QmTTNhCBDAK62bk8zsEGPdfp4ZDu3cQQP55T4GsBkxsZSk,disabled,1 Wilder Way,Yes,Condo,White Stucco,Wiami,South Beach,3,Chevrone Parquet,C,Wilder.Cribs,Stack Parquet,Little Meow,Wood,White Wooden,9,Narrow Wooden Strips
0x37fd854f7f8ae8bb299e508bf25dc0c622c1476b70849c1d6e31df9e65f85339,wilder.cribs.wiami.southbeach.qube.30-88,Unit 88,Wilder.Cribs is our Genesis Real Estate release in Wilder World. Consisting of 108 unique procedurally generated NFT luxury condos spread across 39 floors reaching up into the Wiami heavens.,ipfs://QmNvn9ATg3rUxkCBmpvnbwtsFUxi5DrU37xJ2QR51W9c6k,ipfs://QmUQrXB5o5e7joFMR83RFFCPGSg3zQi6xizSyh9YEc1WVS,disabled,1 Wilder Way,No,Condo,Black Wooden,Wiami,South Beach,30,Ekeberg Marble,A,Wilder.Cribs,Parquet Wood,Little Meow,Wood,Black Steel,88,Narrow Wooden Strips
0x5b703b848095319424d1deffd0c1c7ae53908d161b20ae067e64c666d7564968,wilder.cribs.wiami.southbeach.qube.30-89,Unit 89,Wilder.Cribs is our Genesis Real Estate release in Wilder World. Consisting of 108 unique procedurally generated NFT luxury condos spread across 39 floors reaching up into the Wiami heavens.,ipfs://QmUCxnXcNRJwMbqowyfEP4FU7igdBaJXMCVhprWXZ9CpSm,https://wilder-cribs.s3.eu-central-1.amazonaws.com/FloorPlans/089.png,disabled,1 Wilder Way,No,Condo,Cedar Wooden,Wiami,South Beach,30,Bond Ash Parquet,B,Wilder.Cribs,Concrete,Little Meow,Satin Black Metal,White Wooden,89,Graciar Quartz
0x38d76eb80316cf92db927e0a9499d0798f32b912f10e5f7c44ec34d460d86cee,wilder.cribs.wiami.southbeach.qube.30-90,Unit 90,Wilder.Cribs is our Genesis Real Estate release in Wilder World. Consisting of 108 unique procedurally generated NFT luxury condos spread across 39 floors reaching up into the Wiami heavens.,ipfs://QmXSFsPJwiLrDtzKEUEyUNzpW9aE2sTdu79kUJvVpqZwFT,ipfs://QmNZLdgL17kT66t5iZZiUTQucR7g8nGYuKPwodumtUf8kN,disabled,1 Wilder Way,Yes,Condo,Softwood,Wiami,South Beach,30,Floated Concrete,C,Wilder.Cribs,White Parquet Wood,Little Meow,Powder Coated Steel,Black Steel,90,Shuttered Concrete
0x9a1d2aec0428015061adbaa19df1b3b22e821b8caa772282e0228167e1a5db66,wilder.cribs.wiami.southbeach.qube.31-91,Unit 91,Wilder.Cribs is our Genesis Real Estate release in Wilder World. Consisting of 108 unique procedurally generated NFT luxury condos spread across 39 floors reaching up into the Wiami heavens.,ipfs://QmQ7jNceBLFPwWUPmgeXk7HenYs73rer1Vd5U65n8RTPej,ipfs://QmczW4fYLvSY7KqXhy6V1WFdYaErFWTStmAR58hhKDNDVx,disabled,1 Wilder Way,No,Condo,Wood Panels,Wiami,South Beach,31,Concrete,A,Wilder.Cribs,Stained Concrete,Little Meow,Satin Black Metal,Satin Glass,91,Smooth Concrete
0x900d757c56089662854961543d8e1c9ea5c1f7cb44b19985348c407c36ebf084,wilder.cribs.wiami.southbeach.qube.31-92,Unit 92,Wilder.Cribs is our Genesis Real Estate release in Wilder World. Consisting of 108 unique procedurally generated NFT luxury condos spread across 39 floors reaching up into the Wiami heavens.,ipfs://QmZcQUMCZMp3wZbXXViXuHiMT1tWYU4GKBq1NWaj8qBt5m,ipfs://QmXRFtPLkStC13Pm1zjCDvmWFXPAedYthSF8cTTMQs9Ld9,disabled,1 Wilder Way,No,Condo,Wood Wool,Wiami,South Beach,31,White Parqued Wood,B,Wilder.Cribs,English Bond Parquet,Little Meow,Polished Stainless Steel,Black Steel,92,Brushed Concrete
0xe7ff40c4f2f2ddee9d4700db289bcd7a0bacf9e60cfbd6e0b7ba6165cd93f8e4,wilder.cribs.wiami.southbeach.qube.31-93,Unit 93,Wilder.Cribs is our Genesis Real Estate release in Wilder World. Consisting of 108 unique procedurally generated NFT luxury condos spread across 39 floors reaching up into the Wiami heavens.,ipfs://QmXbogZBwEB4gRdX5ykYzFmT8LsqJYFfw6rf4TmZc4XQA6,ipfs://QmcEmhWmyqLwVpau4bYtAoJkJLr2F8j2FPLxbSS5c3NQ6Z,disabled,1 Wilder Way,Yes,Condo,Black Wooden,Wiami,South Beach,31,Bond Cedar Parquet,C,Wilder.Cribs,Stained Concrete,Little Meow,Wood,Porcelain,93,Painted Concrete
0xb5850008050e875060f46f2fe882c7f74384585e69cd7de4c70c9b6154d36f18,wilder.cribs.wiami.southbeach.qube.32-94,Unit 94,Wilder.Cribs is our Genesis Real Estate release in Wilder World. Consisting of 108 unique procedurally generated NFT luxury condos spread across 39 floors reaching up into the Wiami heavens.,ipfs://QmeYx4FFhjHdtDpLRzUZT6RxhE7vN9GQVuHXjfMS98coC5,ipfs://QmTACCF8sqbNVAy211ks4NUnSxthq5DgfKHF7UzxtAviGJ,disabled,1 Wilder Way,No,Condo,Painted Wooden Planks,Wiami,South Beach,32,Ekeberg Marble,A,Wilder.Cribs,Strip Oak Parquet,Little Meow,Satin Black Metal,Concrete,94,Golden Stacked Stone
0x846ecd18c68447857ff4d6af3dd54c0b02e375932a2d694cb479b0035f42a4d0,wilder.cribs.wiami.southbeach.qube.32-95,Unit 95,Wilder.Cribs is our Genesis Real Estate release in Wilder World. Consisting of 108 unique procedurally generated NFT luxury condos spread across 39 floors reaching up into the Wiami heavens.,ipfs://Qmdae1nD79UuCgkn9Bv5fFjdjFQpBEW8TtjHKpu6sMx18H,ipfs://QmX5nsQnXjFmtUYPiWKGybGPMRjWfsi48KRCWwRG9UGFXH,disabled,1 Wilder Way,No,Condo,Cedar Wooden,Wiami,South Beach,32,Concrete,B,Wilder.Cribs,Concrete,Little Meow,Powder Coated Steel,Oak Wooden,95,Concrete
0x2f6d5fe07b4bc5d6d4be038d407078fdd60f6a1bb57726395e611caf7a40108e,wilder.cribs.wiami.southbeach.qube.32-96,Unit 96,Wilder.Cribs is our Genesis Real Estate release in Wilder World. Consisting of 108 unique procedurally generated NFT luxury condos spread across 39 floors reaching up into the Wiami heavens.,ipfs://QmUP4VHhjRvKgXwCHLto9QphiJCpM2PVmDLp9fHs5Z8hnT,ipfs://QmSe67o3i2gnwZ4CaMznRyhK4sw4eJm1yhVyNY3ADNDucP,disabled,1 Wilder Way,Yes,Condo,Poplar Veneer,Wiami,South Beach,32,Ziarat Marble,C,Wilder.Cribs,White Parquet Wood,Little Meow,Satin Black Metal,Black Wooden,96,Smooth Concrete
0xc8f167a36bd41bbe550cc5194a4bec8daee568d3a44d30eefbba0d12a7355470,wilder.cribs.wiami.southbeach.qube.33-97,Unit 97,Wilder.Cribs is our Genesis Real Estate release in Wilder World. Consisting of 108 unique procedurally generated NFT luxury condos spread across 39 floors reaching up into the Wiami heavens.,ipfs://QmNY18KfXue9HnLQrU2XVboRMGgrBy4wK3npqSYi9meR68,ipfs://QmdWbjsNx5QvTjerbPjk5etchSPwcBpLhaPBK1YK8W4r72,disabled,1 Wilder Way,No,Condo,Oak Veneer,Wiami,South Beach,33,Concrete,A,Wilder.Cribs,Polish Concrete,Little Meow,Satin Black Metal,Glass,97,Graciar Quartz
0xc51e98f3bb4eba4b0adedfd632f953a39f4530a05a83f381500c5ea0f7d57a41,wilder.cribs.wiami.southbeach.qube.33-98,Unit 98,Wilder.Cribs is our Genesis Real Estate release in Wilder World. Consisting of 108 unique procedurally generated NFT luxury condos spread across 39 floors reaching up into the Wiami heavens.,ipfs://QmdK2QkZabxAtWb9SVS2zCzpP7SLZaf7cHxijTDRyRESMD,ipfs://QmV8hfuBzDgJp9paU8SuBQFC6Vv6jqotxmUZRPphz59kiM,disabled,1 Wilder Way,No,Condo,Wood Panels,Wiami,South Beach,33,Grey Marble,B,Wilder.Cribs,Parquet Wood,Little Meow,Wood,Black Steel,98,Brushed Concrete
0xf2180dcd938216a73fe484507cc5224fc4fce53211e9919d6f71b5a3616ff6ef,wilder.cribs.wiami.southbeach.qube.33-99,Unit 99,Wilder.Cribs is our Genesis Real Estate release in Wilder World. Consisting of 108 unique procedurally generated NFT luxury condos spread across 39 floors reaching up into the Wiami heavens.,ipfs://QmeVLLNRbJjZtpBM9emNavHUJ9e4RhiCCsXwktMG5z8niy,ipfs://QmVNzvRNTi7ubp2NxS7aN56YRbvRSZkJXSqYWcvFKd9pnN,disabled,1 Wilder Way,Yes,Condo,Poplar Veneer,Wiami,South Beach,33,Floated Concrete,C,Wilder.Cribs,Gray Porcelain,Little Meow,Powder Coated Steel,Black Softwood,99,Shuttered Concrete
0xedacc60eba3973a31ad98c09cad8a7d2dd5c586903ecb729a54b805e91f115d2,wilder.cribs.wiami.southbeach.qube.34-100,Unit 100,Wilder.Cribs is our Genesis Real Estate release in Wilder World. Consisting of 108 unique procedurally generated NFT luxury condos spread across 39 floors reaching up into the Wiami heavens.,ipfs://QmZi4EnjTokmLgGTdLDspjfL8hQqmxsWxn7zUuwvA4MJ7A,ipfs://QmQuFCrHV8aED5jJ7Lp6XZuEa3JEDUaMh6pSHDytAAzHSv,disabled,1 Wilder Way,No,Condo,Oak Veneer,Wiami,South Beach,34,Ekeberg Marble,D,Wilder.Cribs,Polish Concrete,Little Meow,Black Steel,Porcelain,100,Grey Slated Stone
0x31bb235fd50c0b4f58dfc8a2ddc47ff28f971190448c2106df991952a6e5c6d3,wilder.cribs.wiami.southbeach.qube.34-101,Unit 101,Wilder.Cribs is our Genesis Real Estate release in Wilder World. Consisting of 108 unique procedurally generated NFT luxury condos spread across 39 floors reaching up into the Wiami heavens.,ipfs://QmXjrdMPGdv1brqjjJhD9QXdxoPrjtuwQsmq9oJYNLEmwU,ipfs://Qmao11RJzQL9Cjv2C7bVJWBvsFyrcitQEn9zTYFP5FfNSK,disabled,1 Wilder Way,Yes,Condo,Parquet,Wiami,South Beach,34,Floated Concrete,E,Wilder.Cribs,Smooth Concrete,Little Meow,Satin Black Metal,Concrete,101,Cast Concrete
0x715b30e657502dab71c90ef3a099d54544235eb0ae174bec70d93856c54ec654,wilder.cribs.wiami.southbeach.qube.35-102,Unit 102,Wilder.Cribs is our Genesis Real Estate release in Wilder World. Consisting of 108 unique procedurally generated NFT luxury condos spread across 39 floors reaching up into the Wiami heavens.,ipfs://QmUo5xBtYoTqx6Ee54awCUgzrVxoNGoVr7XgGVacUcFakm,ipfs://QmPARsSjsvLN2nBrQu6k411J8f9RBDWWKZQxy8QAjBLQtV,disabled,1 Wilder Way,No,Condo,Poplar Veneer,Wiami,South Beach,35,Ziarat Marble,D,Wilder.Cribs,Gray Porcelain,Little Meow,Powder Coated Steel,Oak Wooden,102,Bianca Carrara Marble
0x415219b1d17588173a2ed9aed0a3f3e61b19bf09e9350dddf9ce22b6fbf646c7,wilder.cribs.wiami.southbeach.qube.35-103,Unit 103,Wilder.Cribs is our Genesis Real Estate release in Wilder World. Consisting of 108 unique procedurally generated NFT luxury condos spread across 39 floors reaching up into the Wiami heavens.,ipfs://QmcdufVGSVWd9jLNYWf4CR3eAtEWmSfLmMzuCqLvZ1xfA9,ipfs://QmSGq4o2x37vyNpS1HGhBa1VrrnfVcnShBQ2SvjEXENuWd,disabled,1 Wilder Way,Yes,Condo,Black Wooden,Wiami,South Beach,35,Arabescato Marble Square,E,Wilder.Cribs,Stained Concrete,Little Meow,Black Steel,Satin Glass,103,Grey Slated Stone
0x5223929d114f99f7d5803b173e33865266c79f765176717d9a6aa883f40ddab0,wilder.cribs.wiami.southbeach.qube.36-104,Unit 104,Wilder.Cribs is our Genesis Real Estate release in Wilder World. Consisting of 108 unique procedurally generated NFT luxury condos spread across 39 floors reaching up into the Wiami heavens.,ipfs://QmYfoHecgeqnVQ79jX3WKf9e51WZsEfYrhHPMt7HrNDM3L,ipfs://QmUySoPxqAVWxC3CvbKqtH3DLb9tGgw4dM7kLfvX54JGhe,disabled,1 Wilder Way,No,Condo,Wood Panels,Wiami,South Beach,36,White Marble Square,D,Wilder.Cribs,Fosil Limestone,Little Meow,Powder Coated Steel,Black Wooden,104,Graciar Quartz
0xac0e5f070a554b98b7b3931e702b6942d3454ee7c4c48f37ce6afbf147ded656,wilder.cribs.wiami.southbeach.qube.36-105,Unit 105,Wilder.Cribs is our Genesis Real Estate release in Wilder World. Consisting of 108 unique procedurally generated NFT luxury condos spread across 39 floors reaching up into the Wiami heavens.,ipfs://QmfYNFeSiwTHWdQXeuLstCd1ThfrT58ygjNU4E27NDv7Yx,ipfs://QmeJsSREouBfZSsfMVCVSJg6TvXEXYZZ6VVy2mmc6rVHkE,disabled,1 Wilder Way,Yes,Condo,Tiles,Wiami,South Beach,36,Ziarat Marble,E,Wilder.Cribs,Polish Concrete,Little Meow,Mate Black Steel,Concrete,105,Stacked Stone
0x2109f9607db4220ee0c9621a25ef88a151c876386fc0034feff77039fef53906,wilder.cribs.wiami.southbeach.qube.37-106,Unit 106,Wilder.Cribs is our Genesis Real Estate release in Wilder World. Consisting of 108 unique procedurally generated NFT luxury condos spread across 39 floors reaching up into the Wiami heavens.,ipfs://QmQGtNdNU9mMXTdCAPhPgVS4iAg9oBxq84DccBAtBvRYnt,ipfs://QmbmYptJm4YZvEKsJj7jLvN8LpJSYpUzYYQ2nhbpMqzS5k,disabled,1 Wilder Way,Yes,Condo,Parquet,Wiami,South Beach,37,Travertine Marble,F,Wilder.Cribs,Marble,Little Meow,Black Steel,Satin Glass,106,Bianca Carrara Marble
0xd57cb79ab3663cf7d6de27492300b8404cf285b0dd30672e284d57267456a506,wilder.cribs.wiami.southbeach.qube.38-107,Unit 107,Wilder.Cribs is our Genesis Real Estate release in Wilder World. Consisting of 108 unique procedurally generated NFT luxury condos spread across 39 floors reaching up into the Wiami heavens.,ipfs://QmZ8TpWuwq7wGSotwJ6hf8jEoTzRQbozrtKPmM7U8Qbmwm,ipfs://QmSsREck57DwkwkRFLafS5JCHY35YYAckAvnp119TtQa3G,disabled,1 Wilder Way,Yes,Condo,Tiles,Wiami,South Beach,38,Arabescato Marble Square,F,Wilder.Cribs,Gray Porcelain,Little Meow,Mate Black Steel,Glass,107,Golden Stacked Stone
0xc5943789b1011b783288a717bb869c40937a364b24eca5c1b9ebd4c04dd50168,wilder.cribs.wiami.southbeach.qube.39-108,Unit 108,Wilder.Cribs is our Genesis Real Estate release in Wilder World. Consisting of 108 unique procedurally generated NFT luxury condos spread across 39 floors reaching up into the Wiami heavens.,ipfs://QmR9BQ1tFxxgEMPw532LF1S8cNUUbcL9X9JksBkS2QSNWQ,ipfs://QmVfVPiguxZUiPSGA9Dkru9idoJdiBXUiKwAca9ox6cY7y,disabled,1 Wilder Way,Yes,Condo,Smooth Concrete,Wiami,South Beach,39,White Marble Square,F,Wilder.Cribs,Fosil Limestone,Little Meow,Glass,Glass,108,Chiseled Marble Stone
0xbbbd41aaf0da06596b23e7e01f46f3776ec8608176ac2bdd1d0a7fc3d7109ad5,wilder.cribs.wiami.southbeach.qube.4-10,Unit 10,Wilder.Cribs is our Genesis Real Estate release in Wilder World. Consisting of 108 unique procedurally generated NFT luxury condos spread across 39 floors reaching up into the Wiami heavens.,ipfs://QmNtFrb3eXRDkwmbzbmvmR66w3crqogCtW1xocZqTV5FKS,ipfs://QmUHVXyYqHQw6BkceQib87UooRm6zgBxJ1g5nvuApgeXMr,disabled,1 Wilder Way,No,Condo,Wood Wool,Wiami,South Beach,4,Bond Cedar Parquet,A,Wilder.Cribs,Strip Oak Parquet,Little Meow,Powder Coated Steel,Wenge Softwood,10,Shuttered Concrete
0xe6a3e3b42c301c94ec0b16b1ae4b796d4a0f122d396f4899713d736945d2f5e2,wilder.cribs.wiami.southbeach.qube.4-11,Unit 11,Wilder.Cribs is our Genesis Real Estate release in Wilder World. Consisting of 108 unique procedurally generated NFT luxury condos spread across 39 floors reaching up into the Wiami heavens.,ipfs://QmVXvLZMg7jNM3asZZ921rTvNWDq2aGQUsf6bw4f8piaNC,ipfs://QmV5RegvDoGtS2VKJT49VLoZEaAXWWT5oDAs5QMQiuRwA1,disabled,1 Wilder Way,No,Condo,White Stucco,Wiami,South Beach,4,Herringbone Chetsnut Wood,B,Wilder.Cribs,Stack Parquet,Little Meow,Wood,Oak Wooden,11,Narrow Wooden Strips
0x4e2b3f810c3adf3e56237fdc055225afba0de326da94e3e3b3607b0f02b8ebc2,wilder.cribs.wiami.southbeach.qube.4-12,Unit 12,Wilder.Cribs is our Genesis Real Estate release in Wilder World. Consisting of 108 unique procedurally generated NFT luxury condos spread across 39 floors reaching up into the Wiami heavens.,ipfs://Qma7bGs7CpvmqBVUPMMPeeuuRgHGw4HAQuaZ3vQ2473DTD,ipfs://QmbPhFg56YvsfNKTZjJv3TN8i3EqFesxCFNseniWkqpUd9,disabled,1 Wilder Way,Yes,Condo,Softwood,Wiami,South Beach,4,White Parqued Wood,C,Wilder.Cribs,Stack Parquet,Little Meow,Wood,Wenge Softwood,12,Concrete
0x09a4b97f691469c91ec1f9f3ff0e6bf213b8e5218b287449621e5865b2029ced,wilder.cribs.wiami.southbeach.qube.5-13,Unit 13,Wilder.Cribs is our Genesis Real Estate release in Wilder World. Consisting of 108 unique procedurally generated NFT luxury condos spread across 39 floors reaching up into the Wiami heavens.,ipfs://QmTmUqowxVqYPgbq2f9sy9YbW7BTp8mMxvLP92hvbrvG1D,ipfs://Qmd417kh7koNXYJ5xYFmKqQCWuvcUyYMR3EQ24PhmikRsE,disabled,1 Wilder Way,No,Condo,Wood Wool,Wiami,South Beach,5,Chevrone Parquet,A,Wilder.Cribs,Stack Parquet,Little Meow,Powder Coated Steel,Black Wooden,13,Grey Stucco
0x8bd0f75ce7d39f91bf78f7d67f2bfade142ac5c6731dbfd939d9f72e755fac20,wilder.cribs.wiami.southbeach.qube.5-14,Unit 14,Wilder.Cribs is our Genesis Real Estate release in Wilder World. Consisting of 108 unique procedurally generated NFT luxury condos spread across 39 floors reaching up into the Wiami heavens.,ipfs://QmXq9w3WsfNtRXskWYygeJXqgbr7xgwMo7BfBJPm4rADBU,ipfs://QmcQoV5cHatrdaqZ9ZawnTV3yEWNVWstaLg1MGhQG4sTnd,disabled,1 Wilder Way,No,Condo,White Stucco,Wiami,South Beach,5,Herringbone Chetsnut Wood,B,Wilder.Cribs,Parquet Wood,Little Meow,Wood,Wenge Softwood,14,Shuttered Concrete
0xd659e741c8b70456b2ad917e2bb645889a8594d748866ad53a7d01dceb08f39b,wilder.cribs.wiami.southbeach.qube.5-15,Unit 15,Wilder.Cribs is our Genesis Real Estate release in Wilder World. Consisting of 108 unique procedurally generated NFT luxury condos spread across 39 floors reaching up into the Wiami heavens.,ipfs://QmU93uMtTWZreuDun5wMVQ6hysheUhJFsok72jMgYDbYZk,ipfs://QmVQGb4rjR5E3QiZ16PR7XDHBrffD9koi53ps7L7M8eZTD,disabled,1 Wilder Way,Yes,Condo,Softwood,Wiami,South Beach,5,Grey Marble,C,Wilder.Cribs,Stack Parquet,Little Meow,Wood,Black Softwood,15,Smooth Concrete
0xffac4d4d5079b2d1caf841e70d34c86a7cb876cfd976ad7fa79c939d02a84dd4,wilder.cribs.wiami.southbeach.qube.6-16,Unit 16,Wilder.Cribs is our Genesis Real Estate release in Wilder World. Consisting of 108 unique procedurally generated NFT luxury condos spread across 39 floors reaching up into the Wiami heavens.,ipfs://QmU6rbtNSkn7o7rzkAJGUnrDBsE7r4TDZ7DbamxgfCHayA,ipfs://QmNkpEATVq74L4iWNGhG7UpRtxh3kU1SWHPg1uvurSgGDK,disabled,1 Wilder Way,No,Condo,White Stucco,Wiami,South Beach,6,Herringbone Chetsnut Wood,A,Wilder.Cribs,English Bond Parquet,Little Meow,Powder Coated Steel,White Wooden,16,Grey Stucco
0x5e716c5f38905805be1d72599ce6d345dcfa69e5f02e183727d695991807c3b2,wilder.cribs.wiami.southbeach.qube.6-17,Unit 17,Wilder.Cribs is our Genesis Real Estate release in Wilder World. Consisting of 108 unique procedurally generated NFT luxury condos spread across 39 floors reaching up into the Wiami heavens.,ipfs://QmSA7N1Jm664vjANAXQmXuBDej8pQqCcsnAXvAGVqYra1b,ipfs://QmRDCz6FjMGEbxGHqoggU44A9JZt4dzR5kz8z58eRSpqcv,disabled,1 Wilder Way,No,Condo,White Stucco,Wiami,South Beach,6,Herringbone Chetsnut Wood,B,Wilder.Cribs,Stack Parquet,Little Meow,Wood,Wenge Softwood,17,Painted Concrete
0x6125d5b50d96e5f3eb70977851d98a0ec2457a355561774777decb81f3ee21a7,wilder.cribs.wiami.southbeach.qube.6-18,Unit 18,Wilder.Cribs is our Genesis Real Estate release in Wilder World. Consisting of 108 unique procedurally generated NFT luxury condos spread across 39 floors reaching up into the Wiami heavens.,ipfs://QmemSdc7HcYGhBEEiD7BmhbDFVxdWAQ95hFXS3r8rUDXvi,ipfs://QmRpiaspXuh88KswVZURYfxE9NssrsUWAGp7reGgG2TLCc,disabled,1 Wilder Way,Yes,Condo,Wood Wool,Wiami,South Beach,6,Bond Ash Parquet,C,Wilder.Cribs,Stack Parquet,Little Meow,Polished Stainless Steel,Black Wooden,18,Grey Stucco
0x4d44d150f1b8712c64e565fe912ae8f55b135e0881ae7d0692262135e8ca8f2b,wilder.cribs.wiami.southbeach.qube.7-19,Unit 19,Wilder.Cribs is our Genesis Real Estate release in Wilder World. Consisting of 108 unique procedurally generated NFT luxury condos spread across 39 floors reaching up into the Wiami heavens.,ipfs://QmQviS95F3GFi8fiXdBZ33BQmXqKLhriTWHRYiDkY2VCwv,ipfs://QmbsP1EdschfYVuqKHhCg3bzfG3rqKnC1GCva5163SQVC1,disabled,1 Wilder Way,No,Condo,White Stucco,Wiami,South Beach,7,Bond Cedar Parquet,A,Wilder.Cribs,Parquet Wood,Little Meow,Wood,Black Softwood,19,Cast Concrete
0x1c97710c54fa1444f168f8115a511912868e36f54b3077bcdfca107c221f5e12,wilder.cribs.wiami.southbeach.qube.7-20,Unit 20,Wilder.Cribs is our Genesis Real Estate release in Wilder World. Consisting of 108 unique procedurally generated NFT luxury condos spread across 39 floors reaching up into the Wiami heavens.,ipfs://QmQrf1zD9FnJ1yVc8L2eAEWMnPz6cArRBtwb8kqHHPXQfm,ipfs://QmfLHF94eoHDFirLo34MbRDYaSfedN6kCHyMoqv2AxspCN,disabled,1 Wilder Way,No,Condo,Softwood,Wiami,South Beach,7,Herringbone Chetsnut Wood,B,Wilder.Cribs,English Bond Parquet,Little Meow,Polished Stainless Steel,Wenge Softwood,20,Grey Stucco
0x37a7ebd756dd781ba42d0b2f0ccf58b2a53032be382ee720ed148b1e5a3aaae5,wilder.cribs.wiami.southbeach.qube.7-21,Unit 21,Wilder.Cribs is our Genesis Real Estate release in Wilder World. Consisting of 108 unique procedurally generated NFT luxury condos spread across 39 floors reaching up into the Wiami heavens.,ipfs://QmWBLFk9R6sra4WUdmsC2iqYDukhzt6y27fHu3mPJtmBpg,ipfs://QmYkJSguKiFCpekgqgaYrmZTw9iNcNG3Cb3TNDtSsNc2DN,disabled,1 Wilder Way,Yes,Condo,White Stucco,Wiami,South Beach,7,Chevrone Parquet,C,Wilder.Cribs,Stack Parquet,Little Meow,Wood,Concrete,21,Smooth Concrete
0x92057df39f899345df556a9240921295483afea17e67de7a7bba3d98fa081d1e,wilder.cribs.wiami.southbeach.qube.8-22,Unit 22,Wilder.Cribs is our Genesis Real Estate release in Wilder World. Consisting of 108 unique procedurally generated NFT luxury condos spread across 39 floors reaching up into the Wiami heavens.,ipfs://QmTaxn7CM3AS6fzynzG1kek5zKLJHHTYD6xBkRYcdnA4WT,https://wilder-cribs.s3.eu-central-1.amazonaws.com/FloorPlans/022.png,disabled,1 Wilder Way,No,Condo,Softwood,Wiami,South Beach,8,Concrete,A,Wilder.Cribs,Strip Oak Parquet,Little Meow,Polished Stainless Steel,Wenge Softwood,22,Narrow wooden Planks
0x91018ed9eef71bcea9797141d4a50b89cf9dd43d6384ef56d41773bd8077a02f,wilder.cribs.wiami.southbeach.qube.8-23,Unit 23,Wilder.Cribs is our Genesis Real Estate release in Wilder World. Consisting of 108 unique procedurally generated NFT luxury condos spread across 39 floors reaching up into the Wiami heavens.,ipfs://QmSBnXuv1Xnypp3ohgwLo1VkrAgQ4jNxYM2T9RRcNXKpEf,ipfs://Qmcx34CQwwRbsNVpALHtyLADLh1MHjVj4Gd4y6ymqGvu1L,disabled,1 Wilder Way,No,Condo,Wood Wool,Wiami,South Beach,8,Chevrone Parquet,B,Wilder.Cribs,Stack Parquet,Little Meow,Wood,Oak Wooden,23,Grey Stucco
0xeb519167c8670cc2c01f9a79d5c0350a51d019edf24f094c6bc96aa7fe90e4ca,wilder.cribs.wiami.southbeach.qube.8-24,Unit 24,Wilder.Cribs is our Genesis Real Estate release in Wilder World. Consisting of 108 unique procedurally generated NFT luxury condos spread across 39 floors reaching up into the Wiami heavens.,ipfs://QmPDM2mhw8HtvFrzQA8yxGv11rEerSrBwxUQWeQ6c8BnH1,ipfs://Qmd5zYjYwJiyeni5uNWdsmCYJWH1L7tMXuuxV2xJXwxLzq,disabled,1 Wilder Way,Yes,Condo,Softwood,Wiami,South Beach,8,Bond Ash Parquet,C,Wilder.Cribs,English Bond Parquet,Little Meow,Wood,Black Softwood,24,Shuttered Concrete
0x0c1cfdf1c9bf4e62677e3cb975b2044aff72b9a76ed47953a62250aa58ac799b,wilder.cribs.wiami.southbeach.qube.9-25,Unit 25,Wilder.Cribs is our Genesis Real Estate release in Wilder World. Consisting of 108 unique procedurally generated NFT luxury condos spread across 39 floors reaching up into the Wiami heavens.,ipfs://QmWyMwiribUgfAj4gVYrcE1TmVSsaEuPSDYaQXiC39kv5E,ipfs://QmZV7AfFfK2zdYch5tef2kLpWHKiyXtZhDZNQmriSPKZEB,disabled,1 Wilder Way,No,Condo,White Stucco,Wiami,South Beach,9,Herringbone Chetsnut Wood,A,Wilder.Cribs,Stack Parquet,Little Meow,Polished Stainless Steel,Black Softwood,25,Narrow wooden Planks
0x00e471694db7f9bf5086d4a904c2e90563f87231753f0b20333783329ef8f2b3,wilder.cribs.wiami.southbeach.qube.9-26,Unit 26,Wilder.Cribs is our Genesis Real Estate release in Wilder World. Consisting of 108 unique procedurally generated NFT luxury condos spread across 39 floors reaching up into the Wiami heavens.,ipfs://QmbH5nvTWhXaM37xDyghfQKEqiAg4wHJf2vb1XXi36AdE8,ipfs://QmemHn2XTpY9ciHiENb81gsRHKL7a1f4Ug32WRyMGbA36s,disabled,1 Wilder Way,No,Condo,Softwood,Wiami,South Beach,9,Chevrone Parquet,B,Wilder.Cribs,Parquet Wood,Little Meow,Black Steel,Black Steel,26,Concrete
0x42edb11a6141be5e54b19cd6bc29327d21efaeadaad377c788b215e7f99f5aa5,wilder.cribs.wiami.southbeach.qube.9-27,Unit 27,Wilder.Cribs is our Genesis Real Estate release in Wilder World. Consisting of 108 unique procedurally generated NFT luxury condos spread across 39 floors reaching up into the Wiami heavens.,ipfs://QmUJ67uvvskXYN3EgUYKVtCrPDuqAhr7c8GbU29hXg2NPy,ipfs://QmPDBZCifyTfmy2ZY38KwDQ6zxqz2adHd5ctXjhgF2wkbb,disabled,1 Wilder Way,Yes,Condo,White Stucco,Wiami,South Beach,9,Bond Ash Parquet,C,Wilder.Cribs,Stack Parquet,Little Meow,Wood,Black Softwood,27,Shuttered Concrete
